{"format": "layers-model", "generatedBy": "keras v2.4.0", "convertedBy": "TensorFlow.js Converter v2.8.1", "modelTopology": {"keras_version": "2.4.0", "backend": "tensorflow", "model_config": {"class_name": "Sequential", "config": {"name": "sequential_5", "layers": [{"class_name": "InputLayer", "config": {"batch_input_shape": [null, 1], "dtype": "float32", "sparse": false, "ragged": false, "name": "dense_32_input"}}, {"class_name": "Dense", "config": {"name": "dense_32", "trainable": true, "dtype": "float32", "units": 150, "activation": "sigmoid", "use_bias": true, "kernel_initializer": {"class_name": "RandomNormal", "config": {"mean": 0.0, "stddev": 0.05, "seed": null}}, "bias_initializer": {"class_name": "Zeros", "config": {}}, "kernel_regularizer": null, "bias_regularizer": null, "activity_regularizer": null, "kernel_constraint": null, "bias_constraint": null}}, {"class_name": "Dense", "config": {"name": "dense_33", "trainable": true, "dtype": "float32", "units": 270, "activation": "relu", "use_bias": true, "kernel_initializer": {"class_name": "GlorotUniform", "config": {"seed": null}}, "bias_initializer": {"class_name": "Zeros", "config": {}}, "kernel_regularizer": null, "bias_regularizer": null, "activity_regularizer": null, "kernel_constraint": null, "bias_constraint": null}}, {"class_name": "Dense", "config": {"name": "dense_34", "trainable": true, "dtype": "float32", "units": 270, "activation": "relu", "use_bias": true, "kernel_initializer": {"class_name": "GlorotUniform", "config": {"seed": null}}, "bias_initializer": {"class_name": "Zeros", "config": {}}, "kernel_regularizer": null, "bias_regularizer": null, "activity_regularizer": null, "kernel_constraint": null, "bias_constraint": null}}, {"class_name": "Dense", "config": {"name": "dense_35", "trainable": true, "dtype": "float32", "units": 270, "activation": "relu", "use_bias": true, "kernel_initializer": {"class_name": "GlorotUniform", "config": {"seed": null}}, "bias_initializer": {"class_name": "Zeros", "config": {}}, "kernel_regularizer": null, "bias_regularizer": null, "activity_regularizer": null, "kernel_constraint": null, "bias_constraint": null}}, {"class_name": "Dense", "config": {"name": "dense_36", "trainable": true, "dtype": "float32", "units": 270, "activation": "relu", "use_bias": true, "kernel_initializer": {"class_name": "GlorotUniform", "config": {"seed": null}}, "bias_initializer": {"class_name": "Zeros", "config": {}}, "kernel_regularizer": null, "bias_regularizer": null, "activity_regularizer": null, "kernel_constraint": null, "bias_constraint": null}}, {"class_name": "Dense", "config": {"name": "dense_37", "trainable": true, "dtype": "float32", "units": 270, "activation": "relu", "use_bias": true, "kernel_initializer": {"class_name": "GlorotUniform", "config": {"seed": null}}, "bias_initializer": {"class_name": "Zeros", "config": {}}, "kernel_regularizer": null, "bias_regularizer": null, "activity_regularizer": null, "kernel_constraint": null, "bias_constraint": null}}, {"class_name": "Dense", "config": {"name": "dense_38", "trainable": true, "dtype": "float32", "units": 20, "activation": "linear", "use_bias": true, "kernel_initializer": {"class_name": "RandomNormal", "config": {"mean": 0.0, "stddev": 0.05, "seed": null}}, "bias_initializer": {"class_name": "Zeros", "config": {}}, "kernel_regularizer": null, "bias_regularizer": null, "activity_regularizer": null, "kernel_constraint": null, "bias_constraint": null}}, {"class_name": "Dense", "config": {"name": "dense_39", "trainable": true, "dtype": "float32", "units": 1, "activation": "linear", "use_bias": true, "kernel_initializer": {"class_name": "GlorotUniform", "config": {"seed": null}}, "bias_initializer": {"class_name": "Zeros", "config": {}}, "kernel_regularizer": null, "bias_regularizer": null, "activity_regularizer": null, "kernel_constraint": null, "bias_constraint": null}}]}}, "training_config": {"loss": "mse", "metrics": [[{"class_name": "MeanMetricWrapper", "config": {"name": "mse", "dtype": "float32", "fn": "mean_squared_error"}}, {"class_name": "MeanMetricWrapper", "config": {"name": "mae", "dtype": "float32", "fn": "mean_absolute_error"}}]], "weighted_metrics": null, "loss_weights": null, "optimizer_config": {"class_name": "Adam", "config": {"name": "Adam", "learning_rate": 0.0010000000474974513, "decay": 0.0, "beta_1": 0.8999999761581421, "beta_2": 0.9990000128746033, "epsilon": 1e-07, "amsgrad": false}}}}, "weightsManifest": [{"paths": ["group1-shard1of1.bin"], "weights": [{"name": "dense_32/kernel", "shape": [1, 150], "dtype": "float32"}, {"name": "dense_32/bias", "shape": [150], "dtype": "float32"}, {"name": "dense_33/kernel", "shape": [150, 270], "dtype": "float32"}, {"name": "dense_33/bias", "shape": [270], "dtype": "float32"}, {"name": "dense_34/kernel", "shape": [270, 270], "dtype": "float32"}, {"name": "dense_34/bias", "shape": [270], "dtype": "float32"}, {"name": "dense_35/kernel", "shape": [270, 270], "dtype": "float32"}, {"name": "dense_35/bias", "shape": [270], "dtype": "float32"}, {"name": "dense_36/kernel", "shape": [270, 270], "dtype": "float32"}, {"name": "dense_36/bias", "shape": [270], "dtype": "float32"}, {"name": "dense_37/kernel", "shape": [270, 270], "dtype": "float32"}, {"name": "dense_37/bias", "shape": [270], "dtype": "float32"}, {"name": "dense_38/kernel", "shape": [270, 20], "dtype": "float32"}, {"name": "dense_38/bias", "shape": [20], "dtype": "float32"}, {"name": "dense_39/kernel", "shape": [20, 1], "dtype": "float32"}, {"name": "dense_39/bias", "shape": [1], "dtype": "float32"}]}]}